{
    "Initialized": true,
    "Learning_Ratio": 0.01,
    "Neurons": 4,
    "TrainingBalance": "0%",
    "Parameters+Bias": 49,
    "Weights": [
        [
            0.18827394385756144,
            0.21199008051289073,
            -0.15673185805043402,
            0.4621373987138381,
            -0.3861231543264215,
            0.5514866772251121,
            0.5799050387987359,
            0.32958488039203204,
            -0.3097346560423938,
            -0.8422963934806302,
            0.6347237532563546,
            0.07505557543451863,
            -0.6809084402343606,
            0.2133903084807726,
            0.39972260145598665,
            0.41350920918158257,
            0.09636795388512176,
            0.5748868447030577,
            0.7995808125406756,
            0.22974722872775016,
            0.07275592612576467,
            -0.6123621820426861,
            0.017364740067149255,
            0.05170101217761759,
            0.5827880915173904,
            -0.6768485259450019,
            0.34348099229892637,
            -0.10199181733684615,
            -0.5912812454473775,
            0.1690834598511854,
            -3.5079426792901542,
            -0.30530985033278196,
            -0.11944678995306938,
            0.23775725681759893,
            0.3218553470632719,
            -0.11291952675839118,
            -0.31045495873537193,
            -0.4213799254102671,
            -0.38148672052905297,
            0.7187592543267888,
            0.11038165911718748,
            0.07271656700731793,
            0.18729827930675896,
            0.6496380576188117,
            0.32289491445089086,
            -0.9416261020127059,
            -0.46775625584977853,
            -0.40869868503342494,
            -0.3060315829962709
        ],
        [
            0.5156048899473256,
            0.09413175700680794,
            -0.1225573153236418,
            0.5899671315201975,
            -0.3243541074861306,
            -1.016348275982738,
            0.9815577398158666,
            -0.11334621474002933,
            -0.32215603809724147,
            -0.21462326057218098,
            0.4291210762767754,
            -0.7230963963922932,
            -0.5603542123125094,
            1.0542152946278125,
            -0.8813843312659648,
            0.03128518827600438,
            -0.7793261362931712,
            -0.6932750245016497,
            -0.7284241837506608,
            -0.8594203153898001,
            0.5045386537580019,
            -0.015268449927907464,
            -0.02522217720825429,
            -0.5215015277517825,
            0.08417380419633927,
            0.5335316758953672,
            0.7400425571384981,
            0.25774605532559447,
            -0.6904143886695857,
            0.5885342785400319,
            -3.4073280350510826,
            0.8666617893612782,
            -0.5045310014299134,
            -0.10811603678215427,
            -0.9873556034994146,
            0.019048383970669325,
            -0.11290969185424174,
            -0.2410131029211903,
            -0.15776097756824217,
            -0.4571133033127945,
            0.5908223015126024,
            -0.06300254517751491,
            -0.26247734418077173,
            -1.032000715854913,
            0.3031625127552529,
            -0.3865997995128317,
            -0.41641617377701595,
            0.7939638305741286,
            -0.19640298220017044
        ],
        [
            0.9752786054061687,
            0.907597640541606,
            -1.6428604826785498,
            1.157506685085767,
            0.5404341373415749,
            0.5946009758923594,
            1.4451003880595314,
            0.8618766282192065,
            0.35459890358735097,
            -1.107002698138656,
            1.3828216827235356,
            -0.8194740904423858,
            -0.028223962599459054,
            1.193662568101075,
            -0.6040055376057734,
            0.9721438609703487,
            -0.8495819436397172,
            -1.2308958749028411,
            -0.2253471225396926,
            -1.1787201420296736,
            0.04512066006337018,
            -1.1636859627971436,
            -1.103562696543588,
            -0.9643369064505147,
            -0.39338499671958943,
            -0.7396245366743566,
            0.10790664826638911,
            0.13445758971659175,
            -0.2646622631812351,
            -0.31996176906880175,
            -3.591187270344931,
            0.5477602361359623,
            -1.2774757314660965,
            -0.25684077050786086,
            -1.577613082693786,
            0.3834733953964508,
            0.7655880499270191,
            0.09763656656534932,
            -0.37904583111000867,
            -0.6578928353848642,
            0.3015413571070772,
            -1.0190588141274912,
            -0.8438581339387188,
            -0.3934371441111815,
            -0.007467104047596068,
            -1.4911723843723672,
            0.5908464589266123,
            -0.2108886900252693,
            -0.8845244654864308
        ],
        [
            0.6224863645706257,
            0.8107510559109394,
            -0.43076139610068587,
            0.7851978937332305,
            -0.265674278885323,
            0.48249819989277054,
            1.1616460381113092,
            0.5608511956101128,
            -0.4175122224211673,
            -0.15616328858457232,
            0.062063653971172084,
            -0.8468560507504375,
            -0.2539694044682401,
            -0.5046066428100999,
            -0.10560329925796,
            -0.1736169687102208,
            -0.15201889460912654,
            -0.2528793465051429,
            0.5446100378095734,
            -0.3879949992827882,
            1.10376333109236,
            -0.8250062439951849,
            -0.5034562249648515,
            -1.0622585409795862,
            -0.3686218538134607,
            -0.2182927184973783,
            -0.603224332117567,
            0.2313055142712346,
            -1.1818171866142775,
            0.647855812939008,
            -1.8048184932094955,
            -0.31283813637392827,
            0.006088272824164721,
            -0.20058805543834277,
            -0.1838749734728896,
            -0.991592663957555,
            0.13529816169573777,
            0.4874343641091846,
            0.6524030711376947,
            -0.12396746692697873,
            -0.3055756783932677,
            -0.12406672685777062,
            0.05691399953871454,
            -0.004245635768077342,
            -0.8871977554701673,
            0.41257555691552966,
            0.1850303167166152,
            -0.6647765326889206,
            0.5485047721310161
        ]
    ]
}