{
    "Initialized": true,
    "Learning_Ratio": 0.01,
    "Neurons": 4,
    "TrainingBalance": "0%",
    "Parameters+Bias": 49,
    "Weights": [
        [
            -0.5117260561424324,
            0.5419900805120791,
            0.5432681419485449,
            0.012137398712485661,
            -0.42612315432829084,
            0.041486677224843574,
            0.16990503879845728,
            0.3295848803900594,
            -0.07973465604303355,
            -0.5522963934824207,
            0.18472375325558232,
            0.265055575434467,
            -0.3709084402360196,
            0.24339030848039644,
            0.4197226014553581,
            -0.016490790818693625,
            0.48636795388448434,
            0.7648868447018542,
            0.059580812539606766,
            0.1097472287278459,
            -0.2572440738744374,
            -0.42236218204542075,
            0.4473647400663097,
            0.17170101217766578,
            0.332788091517143,
            -0.31684852594585683,
            0.41348099229899343,
            -0.25199181733750253,
            -0.6912812454513879,
            0.019083459851178958,
            -1.5879426792901734,
            -0.3853098503337302,
            0.48055321004643853,
            0.5377572568159126,
            0.7618553470622071,
            -0.4029195267587289,
            -0.36045495873612127,
            -0.6313799254112551,
            -1.0014867205297262,
            0.8387592543241567,
            -0.7196183408838122,
            0.07271656700739786,
            0.01729827930662326,
            0.8096380576160741,
            0.3228949144479508,
            -0.6116261020157158,
            -0.6577562558532332,
            -0.0186986850338597,
            -0.6760315830006235
        ],
        [
            -0.18439511005260856,
            0.424131757006434,
            0.5774426846753766,
            0.1399671315183716,
            -0.36435410748752095,
            -1.5263482759828115,
            0.5715577398146858,
            -0.11334621474006695,
            -0.09215603809791774,
            0.07537673942699524,
            -0.020878923723867394,
            -0.5330963963934072,
            -0.25035421231370514,
            1.0842152946273518,
            -0.8613843312659966,
            -0.3987148117240578,
            -0.38932613629429264,
            -0.5032750245028204,
            -1.4684241837517045,
            -0.9794203153911349,
            0.17453865375787445,
            0.17473155007226274,
            0.4047778227909717,
            -0.4015015277528219,
            -0.16582619580371263,
            0.8935316758915095,
            0.8100425571339224,
            0.1077460553251797,
            -0.7904143886744781,
            0.4385342785396781,
            -1.4873280350510998,
            0.7866617893603033,
            0.09546899856951624,
            0.1918839632175899,
            -0.5473556035001953,
            -0.2709516160293105,
            -0.16290969185413046,
            -0.4510131029218025,
            -0.777760977568275,
            -0.33711330331388406,
            -0.23917769848760417,
            -0.06300254517729027,
            -0.432477344181579,
            -0.8720007158555808,
            0.3031625127526206,
            -0.05659979951444587,
            -0.6064161737803379,
            1.183963830573279,
            -0.5664029822031343
        ],
        [
            0.27527860540576377,
            1.2375976405401068,
            -0.9428604826788867,
            0.7075066850838542,
            0.500434137339059,
            0.0846009758919393,
            1.0351003880593195,
            0.8618766282168536,
            0.5845989035860623,
            -0.8170026981401122,
            0.9328216827225502,
            -0.6294740904434368,
            0.28177603740039553,
            1.2236625681010698,
            -0.5840055376058444,
            0.5421438609689434,
            -0.4595819436406664,
            -1.0408958749028454,
            -0.9653471225401855,
            -1.2987201420296957,
            -0.2848793399369216,
            -0.97368596279734,
            -0.6735626965453321,
            -0.8443369064505168,
            -0.6433849967198788,
            -0.3796245366756828,
            0.177906648266481,
            -0.015542410283495997,
            -0.36466226318177525,
            -0.469961769069967,
            -1.6711872703449504,
            0.46776023613504325,
            -0.6774757314663822,
            0.043159229491818434,
            -1.1376130826937916,
            0.093473395396331,
            0.7155880499262204,
            -0.11236343343448955,
            -0.9990458311106694,
            -0.5378928353867297,
            -0.5284586428928275,
            -1.0190588141278867,
            -1.0138581339401225,
            -0.23343714411388375,
            -0.007467104047417683,
            -1.1611723843724118,
            0.4008464589232009,
            0.1791113099748107,
            -1.2545244654892673
        ],
        [
            -0.07751363542967046,
            1.1407510559093443,
            0.2692386038990531,
            0.3351978937300123,
            -0.3056742788859246,
            -0.027501800107329707,
            0.7516460381108601,
            0.5608511956055954,
            -0.1875122224220709,
            0.13383671141456707,
            -0.3879363460297284,
            -0.6568560507514531,
            0.056030595531447215,
            -0.4746066428119425,
            -0.08560329925834897,
            -0.6036169687120273,
            0.2379811053906772,
            -0.06287934650550943,
            -0.1953899621908055,
            -0.5079949992832835,
            0.7737633310919436,
            -0.6350062439986631,
            -0.07345622496621523,
            -0.9422585409795876,
            -0.6186218538136345,
            0.14170728150261488,
            -0.5332243321218259,
            0.08130551427092186,
            -1.2818171866143506,
            0.49785581293817377,
            0.11518150679050544,
            -0.39283813637488385,
            0.6060882728238879,
            0.09941194456148764,
            0.2561250265272996,
            -1.2815926639581965,
            0.08529816169580655,
            0.277434364108738,
            0.03240307113762585,
            -0.003967466927246827,
            -1.1355756783932354,
            -0.12406672685753445,
            -0.11308600046119574,
            0.155754364232108,
            -0.8871977554727201,
            0.7425755569121119,
            -0.004969683283562815,
            -0.2747765326907594,
            0.17850477212892293
        ]
    ]
}