{
    "Initialized": true,
    "Learning_Ratio": 0.002,
    "Neurons": 2,
    "Parameters+Bias": 49,
    "TrainingBalance": "76%",
    "Weights": [
        [
            0.19903803775730577,
            -0.24093506649617843,
            -0.3563029894559071,
            0.5882408786202218,
            0.1676319996020088,
            0.16020068663366777,
            -0.6407190240000065,
            0.6980466486382799,
            0.4506560299699147,
            -0.6650020201493541,
            0.3722799196376889,
            -0.5421748579478904,
            -0.3143262819083361,
            -0.8736923920201081,
            0.9216111901726851,
            -0.9981881142124878,
            0.36338362144747016,
            -0.35714353244084074,
            0.3229940018292081,
            -0.8190451347784184,
            0.5647126810938714,
            -0.6633171660832478,
            0.3860801927233626,
            -0.42462760587143,
            -0.875285909276595,
            0.017922806735399366,
            0.8764934725504612,
            0.8417904151498172,
            -0.728531644060455,
            0.3917576719431006,
            -0.37301581613561674,
            0.22231660018909127,
            0.46725824294125107,
            -0.6458881632453966,
            -0.07227883710638294,
            0.37146362960380097,
            -0.0008502952224858362,
            -0.753857243997045,
            0.7957802614966463,
            -0.11960712328373169,
            0.6577896322781336,
            -0.07263456086664033,
            0.1663359671669471,
            -0.07609071829841496,
            0.9367837437819209,
            0.4855508481121489,
            -0.2723968507797121,
            -0.23739430754510615,
            0.10478605883636175
        ],
        [
            0.00803583836534183,
            -0.2585029152460054,
            1.068373792544314,
            0.9454080896175108,
            0.08085624731627677,
            0.22957049210005556,
            0.04309448344682762,
            0.20264244480898158,
            -0.8060188807014699,
            0.43299109435768046,
            -0.5658211003863272,
            0.28990008710522636,
            0.2650738025187147,
            -0.6599958166803688,
            0.3845836011011783,
            -0.7252317861933542,
            0.1620608759791895,
            0.6997366626580519,
            0.6496675537641541,
            0.3937715586807966,
            -0.09109370404771466,
            0.5748552039249073,
            -0.9251596070767021,
            0.9035612721806163,
            0.6767166778986022,
            0.12945895417386355,
            0.31414083901208323,
            -0.8124739678843587,
            0.9327334840147332,
            0.03802194522426869,
            0.5497379795586412,
            -0.5141837650951442,
            -1.2392496549344223,
            0.43422282370724896,
            1.3797694668107154,
            0.6074272886342553,
            -0.6060439630072374,
            -0.09817465273529088,
            -0.31253571277350956,
            0.24302408420863109,
            -0.24401678968439522,
            1.0139941724317252,
            0.5694015766499518,
            -0.7785126378091058,
            1.1398117362989155,
            -0.6494354842257652,
            -0.571137459552403,
            0.6278428032957857,
            -0.7979125294672749
        ]
    ]
}