{
    "Initialized": true,
    "Learning_Ratio": 0.03,
    "Neurons": 1,
    "Parameters+Bias": 49,
    "TrainingBalance": "100%",
    "Weights": [
        [
            0.2364896162529713,
            -0.8111519357308108,
            -0.07992931150050209,
            -0.11252520955113796,
            0.8830506423684203,
            -0.13633563295346326,
            -0.9331827612323009,
            -0.20759165420954231,
            0.11522020632531435,
            0.49318639651220075,
            -0.616421367754213,
            -0.07433637845917149,
            -0.3619343455529709,
            0.08719889588558546,
            0.9268861113527727,
            -0.2699690838315645,
            -0.6002615093050667,
            -0.9491629648603954,
            -0.2614303851839027,
            -0.4074802921744143,
            -0.23957345973810007,
            0.8723068426575793,
            -0.9983720811332999,
            -0.056844790221829394,
            0.4594264192144888,
            -0.3119000881383118,
            -0.1274423499884174,
            -0.6201639925169564,
            0.02486365386500447,
            -0.6724624031407265,
            -0.10048154639243168,
            0.40428522232789743,
            -0.24407975542462146,
            -0.2487761095070411,
            0.6742052611689922,
            -0.5015220699572616,
            -0.45651416681776436,
            -0.39608777685389285,
            -0.9357896799882797,
            0.28178332888746604,
            -0.36765190063754893,
            -0.011690095340332912,
            0.2471425333508195,
            0.4491000147350479,
            0.6861677603786009,
            0.16816510229231726,
            0.3313917810192446,
            0.01940093112494304,
            0.9061399499661813
        ]
    ]
}