{
    "Initialized": true,
    "Learning_Ratio": 0.03,
    "Neurons": 10,
    "TrainingBalance": "0%",
    "Parameters+Bias": 49,
    "Weights": [
        [
            -0.08994697908722138,
            -0.9784197302260436,
            0.8202654719067832,
            0.07458102971471625,
            0.5072954819190456,
            0.3519521965609542,
            0.5277968625303615,
            -0.652798603013369,
            0.6635978632984068,
            -19.098325768541415,
            -0.01991894392558402,
            -0.5669127552166404,
            0.4816358511285008,
            0.6105812147894887,
            -18.695403073084545,
            -18.66134221839707,
            -0.5827644082089547,
            0.471167578152516,
            -0.6737962210159358,
            -20.28990362338582,
            0.5070683424503375,
            -19.904500097264624,
            0.20475013963422106,
            -0.4513730339633417,
            -0.3452382101657201,
            -0.00019946427090089536,
            0.5828071559810173,
            -19.130577055634483,
            -0.3267554644496282,
            -0.37344398719484984,
            -0.338556806639986,
            0.7413814796517033,
            -0.5386094458038737,
            -20.186487828778596,
            0.8167551730221749,
            0.5654930574618584,
            -0.6865347340998582,
            0.7899106265522211,
            0.058033939373003385,
            -19.367070823980864,
            0.9088950470470474,
            0.22079552174119788,
            -0.5612876019380404,
            -19.16324129784487,
            -20.139966265832086,
            -19.47322788802299,
            -19.539299016145325,
            -0.3970190557879376,
            -19.772252319316532
        ],
        [
            0.3376818262174015,
            0.2767530919245298,
            -0.25748203970592587,
            0.9390585225243893,
            -0.7849714409245137,
            -0.2358251398680642,
            0.45797882156978176,
            0.7604447381496717,
            -0.6249328468599709,
            -19.64416162829807,
            -0.6846749936085059,
            0.35556870752552405,
            0.3033277303558728,
            -0.3438229744822823,
            -20.157690522148837,
            -20.227799257198296,
            -0.6386011764185495,
            0.17804043587977425,
            -0.4510049617901186,
            -19.043030125070388,
            -0.28592187944871483,
            -20.498117656653896,
            -0.3550642023281325,
            0.2005443178544546,
            -0.6118248658423349,
            -0.8598174717537412,
            -0.17547493402479386,
            -20.402339800823135,
            -0.6371720359654753,
            0.1862496179000397,
            -0.4739105600772757,
            -0.824088631840159,
            0.10850784945219938,
            -20.252025089708223,
            0.14963818841956544,
            0.3688299509220625,
            -0.020826887080835688,
            0.22790229403972506,
            0.6590322280097392,
            -19.222718378775557,
            -0.47310818584875913,
            0.5632515839247005,
            0.5088989214140813,
            -18.846969134631742,
            -20.13251393889547,
            -19.490204284849376,
            -20.478256287803468,
            -0.41748441774562006,
            -18.78362131030523
        ],
        [
            -0.5965617512511032,
            -0.6137755579654327,
            0.625227248274888,
            -0.9008669298384255,
            -0.6183619575149559,
            -0.7320823912044758,
            0.8402050453966663,
            -0.043114977738229365,
            0.23919779939388142,
            -20.073641365433453,
            0.6822249787581773,
            0.6336546090346207,
            0.9649070612960651,
            -0.9816410668352642,
            -19.890027718570273,
            -20.323373691586774,
            0.40898116096115333,
            0.2936470022288644,
            -0.619645635712291,
            -18.656694889983005,
            -0.9047834375325241,
            -19.25667939030986,
            0.05164964492152602,
            0.6701496506693414,
            -0.9278651242646265,
            -0.7500836530524724,
            -0.8528377166185561,
            -18.636887439081814,
            -0.5076871538781256,
            0.7179040427778327,
            0.5558721393818455,
            -0.2819379397921107,
            -0.8014419392221626,
            -19.355685112571887,
            -0.7562295892799842,
            0.5439472667002632,
            -0.7236217041939872,
            -0.4559541843700299,
            -0.5411935665553325,
            -18.697532111226117,
            0.751581952513044,
            0.4506944716954595,
            -0.6661804840956131,
            -19.998976597170152,
            -18.683592585626794,
            -18.80905416372884,
            -19.814196184185377,
            0.3806568398115937,
            -18.80496613310003
        ],
        [
            -0.9603563017996752,
            0.5271891454038946,
            -0.0579270878703686,
            -0.9688090985048805,
            0.1466567695818637,
            -0.507095565815314,
            -0.4798232762651411,
            -0.019583390077471563,
            -0.2926457084467844,
            -18.774680714730874,
            0.30128688506077417,
            -0.336366726825871,
            0.8730592473373657,
            0.0806079547394214,
            -19.102022188066265,
            -19.892283967958253,
            0.28060628070185945,
            -0.1503152159684078,
            0.21061013037093002,
            -19.168212508425956,
            -0.2712880483381861,
            -19.3216906864376,
            -0.9518771424996473,
            -0.7315360098109247,
            -0.08411443866401824,
            0.5768118142024374,
            0.4104196221937695,
            -19.17895696346032,
            0.8723640954835592,
            -0.9921024020016012,
            0.07602827911430032,
            -0.9317908144086777,
            0.502061086209624,
            -18.831989555521105,
            -0.07977095946319768,
            0.568990882008918,
            -0.40024726325275384,
            0.6699018296443642,
            0.822243986620123,
            -20.520199677298486,
            -0.766445639070005,
            0.006455212937134025,
            0.23990603535900723,
            -20.26115175501471,
            -19.732822551761625,
            -18.879790674734227,
            -20.261275133683398,
            0.8104845316070808,
            -20.336746587003557
        ],
        [
            0.6281776404499047,
            -0.7306405629936397,
            0.7535676469655943,
            -0.7871722307637932,
            -0.03317298688619119,
            0.20185342052519295,
            -0.8345508246246507,
            0.877849825315721,
            -0.4726699756803341,
            -18.58557640788937,
            0.883371340636264,
            0.31038935746284224,
            -0.9315662436682275,
            0.8736245711511701,
            -20.206304147917287,
            -18.715052989462194,
            -0.8368795282942949,
            -0.8768621059949397,
            0.4072528083672271,
            -19.102969152936037,
            0.07386237896232672,
            -20.04930722816851,
            -0.9315480132732268,
            -0.3826608365660775,
            -0.9520046907203918,
            -0.8736231139047541,
            0.8932337335830343,
            -19.245363527268914,
            0.14053957265661876,
            -0.29708972401517886,
            -0.5145698167382731,
            0.8506829114535459,
            0.015997422905400294,
            -20.318555494422572,
            -0.6449723243137475,
            0.6274828708713531,
            0.7947825335177132,
            -0.6414986814510648,
            0.8290257735901054,
            -19.313786833684617,
            0.7162132966032839,
