{
    "Initialized": true,
    "Learning_Ratio": 0.005,
    "Neurons": 10,
    "TrainingBalance": "0%",
    "Parameters+Bias": 49,
    "Weights": [
        [
            -0.16473590014903428,
            -1.1306751041654444,
            0.5183749669139679,
            0.3309911360687997,
            -0.3597101007227138,
            0.48667975422743537,
            -0.7964243240061145,
            -1.0559943463001138,
            0.5526387713357462,
            -1.2583157273412322,
            -0.2243217805993032,
            -0.45390297371800115,
            -0.9795020268458049,
            1.1097571161530562,
            -0.1528405495843998,
            -0.8454152471448136,
            -0.0796922429447653,
            0.5126556338473088,
            -0.6247405215032646,
            -1.1901257989586487,
            -0.09865093444659226,
            -0.25682512452722395,
            0.08892918949414996,
            -1.215397722269415,
            0.15804326727413184,
            0.05522799812263515,
            -0.6999478025617748,
            -1.6262125350087189,
            -1.19199631245202,
            -0.3587525699406371,
            -0.5193439314014334,
            0.14964708304344038,
            0.015870844038397343,
            0.2752505341528242,
            -0.08360301168213738,
            -0.38895365061068343,
            0.07150623458261424,
            0.1921021693057765,
            -0.02849487749651397,
            -0.10635358774218315,
            -1.3043560661992046,
            -0.43123428112515405,
            -0.43060248987559424,
            0.429734692401743,
            -0.3592242702821239,
            -1.3175152009401263,
            -1.4661548589286686,
            1.3768199064710271,
            -0.7674644730245381
        ],
        [
            -0.6647034563801231,
            -1.3698688661330438,
            -0.990427796737443,
            0.20557087590955075,
            0.3024634354772669,
            0.2147813967230774,
            0.1247362948387733,
            -0.04361707740914464,
            0.3120737734355373,
            -1.2648779077181294,
            -1.558824213302383,
            0.34712348685549677,
            0.24159362071173981,
            0.4705768224231549,
            0.3815149714690458,
            0.6407987853929963,
            0.4431152424207385,
            -1.1452610521845916,
            -0.8143657821967553,
            -0.6347550148417176,
            -0.734796178084286,
            -0.06585239188186595,
            0.02844003329901368,
            0.1662827897820251,
            0.5350939680525357,
            -0.9743008375556446,
            -0.5796872853541792,
            -0.03295474156108487,
            -0.23536431086580842,
            -0.13146600573013334,
            0.8791942405842792,
            1.0912382158105973,
            -0.12434434082192243,
            -1.5011265507803562,
            -0.9256323274754127,
            -0.6601596517739714,
            -0.384459544410779,
            -0.07518171249052298,
            0.002927938949343476,
            -0.6741788934261003,
            -0.37222412020593787,
            -1.030342742499088,
            -0.41240747319300675,
            0.38332414102949774,
            -1.2626861913883336,
            -1.4403651871444014,
            -0.21313795802382768,
            0.10542710805019799,
            -1.1419924336916853
        ],
        [
            0.536691194585112,
            -0.44331817997244505,
            -1.0737311552223228,
            0.6723805786881392,
            0.09007877013263164,
            -1.1343897125757354,
            0.5722701637802273,
            -0.20474776700050284,
            -0.24487471819554596,
            0.27354914923068696,
            -0.06217942546401127,
            -0.8446426959902887,
            -0.9111786984434597,
            0.39351536068314874,
            -0.3644108837679607,
            -0.354836727490196,
            -0.5414145737169092,
            -0.6458191404445162,
            -0.11927691746727627,
            -1.3034351775591766,
            -0.07857214795485315,
            0.41981245008446844,
            0.5024410713620107,
            -0.9023198129766359,
            -0.8083407514126291,
            0.3213095433560857,
            -1.376544688295568,
            0.021475029462819057,
            0.03290850132392755,
            0.5040804708620981,
            -0.4158656323150385,
            0.3250609355917446,
            0.8316372518094484,
            0.14960514491149127,
            -0.7799490318079233,
            -0.8901951436751369,
            0.07544960407798276,
            0.5379163272641077,
            -0.7178826071192,
            0.02538006072743163,
            -0.5757047930294696,
            -0.30352057412450817,
            0.7961316669966187,
            0.13879066860385025,
            -0.6179282859240024,
            -0.9044163037996499,
            -0.6742071791901565,
            0.0934876079019303,
            -1.871901291566314
        ],
        [
            0.4805416165266676,
            0.4205929397649555,
            -0.31321166386360866,
            -0.3194628293029671,
            -0.6224611597308103,
            -1.1516686393621418,
            0.012461919455703064,
            -0.863591549387801,
            0.6444662002677736,
            -0.2318541129095817,
            -0.7332019068230609,
            -0.008546837737943973,
            0.059958298319974526,
            0.320022249168973,
            1.1536041262213077,
            0.5326231401875972,
            -1.298830969677197,
            -0.1534589869145836,
            0.014601508668651241,
            -1.6650471472367148,
            -0.9339105038261253,
            0.7007297399219065,
            1.0643471154603146,
            -0.07617842278769703,
            -0.6687579744871308,
            -0.20581377421555552,
            -0.7178613286975666,
            -0.0014024183095234996,
            0.07633580033628107,
            -0.6212726461885315,
            -0.6863977834063784,
            0.427712456939524,
            0.6333507918453234,
            -1.1748796544640596,
            -0.8738679547390314,
            -0.1217821589977036,
            0.6365323612748109,
            1.179947639537492,
            -0.07332811581936534,
            0.09501157252508156,
            -0.08821728269578233,
            -0.016264418860565153,
            0.1737145314477625,
            -0.2936251357566947,
            -1.2436480845516666,
            -0.005413544198904115,
            -0.5126982096919395,
            -0.12793188674653017,
            -1.178820974459835
        ],
        [
            0.07116683797981405,
            -0.3181626099759311,
            -1.2314325886184592,
            -0.5403390182679991,
            -1.2288307311981914,
            -0.11752045010235752,
            0.6151412285553959,
            -0.1464080950180583,
            0.9332086026985067,
            -1.1562990894524,
            0.3203322503877481,
            -1.0925064460871188,
            -0.15127198646407788,
            0.016845913437917817,
            1.0616568216029154,
            0.16181164578513596,
            0.04493016429696639,
            -0.5788699038658709,
            0.6936173735930211,
            0.12646473019477356,
            -1.2721482051841406,
            1.048668787454386,
            1.023555874737745,
            -1.5682483281659165,
            -0.8631728482044037,
            0.6591317526509152,
            0.11136895131706846,
            -0.3057201232499107,
            -1.1862084488809657,
            -0.3308495437299178,
            0.7477115251393249,
            -0.2607411362369394,
            -0.6894523515156264,
            -0.9174206701724846,
            0.6076356617351297,
            -0.8611045339521026,
            0.9286653893353325,
            0.8394189687241693,
            -0.6427093038224947,
            0.4578041870925632,
